IDs,Month
Pops,1
Pops,2
Pops,3
Pops,4
Pops,5
Pops,6
Pops,7
Pops,8
Pops,9
Pops,10
Pops,11
Pops,12
Zip,1
Zip,2
Zip,3
Zip,4
Zip,5
Zip,6
Zip,7
Zip,8
Zip,9
Zip,10
Zip,11
Zip,12
Bart,1
Bart,2
Bart,3
Bart,4
Bart,5
Bart,6
Bart,7
Bart,8
Bart,9
Bart,10
Bart,11
Bart,12
Jack,1
Jack,2
Jack,3
Jack,4
Jack,5
Jack,6
Jack,7
Jack,8
Jack,9
Jack,10
Jack,11
Jack,12
Mango,1
Mango,2
Mango,3
Mango,4
Mango,5
Mango,6
Mango,7
Mango,8
Mango,9
Mango,10
Mango,11
Mango,12
Neville,1
Neville,2
Neville,3
Neville,4
Neville,5
Neville,6
Neville,7
Neville,8
Neville,9
Neville,10
Neville,11
Neville,12
Batman,1
Batman,2
Batman,3
Batman,4
Batman,5
Batman,6
Batman,7
Batman,8
Batman,9
Batman,10
Batman,11
Batman,12
Blue,1
Blue,2
Blue,3
Blue,4
Blue,5
Blue,6
Blue,7
Blue,8
Blue,9
Blue,10
Blue,11
Blue,12
Alex,1
Alex,2
Alex,3
Alex,4
Alex,5
Alex,6
Alex,7
Alex,8
Alex,9
Alex,10
Alex,11
Alex,12
Aug,1
Aug,2
Aug,3
Aug,4
Aug,5
Aug,6
Aug,7
Aug,8
Aug,9
Aug,10
Aug,11
Aug,12
Amy,1
Amy,2
Amy,3
Amy,4
Amy,5
Amy,6
Amy,7
Amy,8
Amy,9
Amy,10
Amy,11
Amy,12
May,1
May,2
May,3
May,4
May,5
May,6
May,7
May,8
May,9
May,10
May,11
May,12
Toni,1
Toni,2
Toni,3
Toni,4
Toni,5
Toni,6
Toni,7
Toni,8
Toni,9
Toni,10
Toni,11
Toni,12
Boo,1
Boo,2
Boo,3
Boo,4
Boo,5
Boo,6
Boo,7
Boo,8
Boo,9
Boo,10
Boo,11
Boo,12
Big Mama,1
Big Mama,2
Big Mama,3
Big Mama,4
Big Mama,5
Big Mama,6
Big Mama,7
Big Mama,8
Big Mama,9
Big Mama,10
Big Mama,11
Big Mama,12
Tinker,1
Tinker,2
Tinker,3
Tinker,4
Tinker,5
Tinker,6
Tinker,7
Tinker,8
Tinker,9
Tinker,10
Tinker,11
Tinker,12
Kovu,1
Kovu,2
Kovu,3
Kovu,4
Kovu,5
Kovu,6
Kovu,7
Kovu,8
Kovu,9
Kovu,10
Kovu,11
Kovu,12
Eddy,1
Eddy,2
Eddy,3
Eddy,4
Eddy,5
Eddy,6
Eddy,7
Eddy,8
Eddy,9
Eddy,10
Eddy,11
Eddy,12